tenant_id,id
019abac9-846f-75d0-8dfd-bcf9c9457866,4
019abac9-846f-75d0-8dfd-bcf9c9457866,5
019abac9-846f-75d0-8dfd-bcf9c9457866,6
019abac9-846f-75d0-8dfd-bcf9c9457866,7
019abac9-846f-75d0-8dfd-bcf9c9457866,8
019abac9-846f-75d0-8dfd-bcf9c9457866,9
019abac9-846f-75d0-8dfd-bcf9c9457866,10
019abac9-846f-75d0-8dfd-bcf9c9457866,11
019abac9-846f-75d0-8dfd-bcf9c9457866,12
019abac9-846f-75d0-8dfd-bcf9c9457866,13
019abac9-846f-75d0-8dfd-bcf9c9457866,14
019abac9-846f-75d0-8dfd-bcf9c9457866,15
019abac9-846f-75d0-8dfd-bcf9c9457866,16
019abac9-846f-75d0-8dfd-bcf9c9457866,17
019abac9-846f-75d0-8dfd-bcf9c9457866,18
019abac9-846f-75d0-8dfd-bcf9c9457866,19
019abac9-846f-75d0-8dfd-bcf9c9457866,20
019abac9-846f-75d0-8dfd-bcf9c9457866,21
019abac9-846f-75d0-8dfd-bcf9c9457866,22
019abac9-846f-75d0-8dfd-bcf9c9457866,23
019abac9-846f-75d0-8dfd-bcf9c9457866,24
019abac9-846f-75d0-8dfd-bcf9c9457866,25
019abac9-846f-75d0-8dfd-bcf9c9457866,26
019abac9-846f-75d0-8dfd-bcf9c9457866,27
019abac9-846f-75d0-8dfd-bcf9c9457866,28
019abac9-846f-75d0-8dfd-bcf9c9457866,29
019abac9-846f-75d0-8dfd-bcf9c9457866,30
019abac9-846f-75d0-8dfd-bcf9c9457866,31
019abac9-846f-75d0-8dfd-bcf9c9457866,32
019abac9-846f-75d0-8dfd-bcf9c9457866,33
019abac9-846f-75d0-8dfd-bcf9c9457866,34
019abac9-846f-75d0-8dfd-bcf9c9457866,35
019abac9-846f-75d0-8dfd-bcf9c9457866,36
019abac9-846f-75d0-8dfd-bcf9c9457866,37
019abac9-846f-75d0-8dfd-bcf9c9457866,38
019abac9-846f-75d0-8dfd-bcf9c9457866,39
019abac9-846f-75d0-8dfd-bcf9c9457866,40
019abac9-846f-75d0-8dfd-bcf9c9457866,41
019abac9-846f-75d0-8dfd-bcf9c9457866,42
019abac9-846f-75d0-8dfd-bcf9c9457866,43
019abac9-846f-75d0-8dfd-bcf9c9457866,44
019abac9-846f-75d0-8dfd-bcf9c9457866,45
019abac9-846f-75d0-8dfd-bcf9c9457866,3
019abac9-846f-75d0-8dfd-bcf9c9457866,46
019abac9-846f-75d0-8dfd-bcf9c9457866,47
019abac9-846f-75d0-8dfd-bcf9c9457866,48
019abac9-846f-75d0-8dfd-bcf9c9457866,49
019abac9-846f-75d0-8dfd-bcf9c9457866,50
019bc623-e4a5-735d-9dc7-a9a6b28ee557,54
019bc623-e4a5-735d-9dc7-a9a6b28ee557,55
019bc623-e4a5-735d-9dc7-a9a6b28ee557,56
019bc623-e4a5-735d-9dc7-a9a6b28ee557,57
019bc623-e4a5-735d-9dc7-a9a6b28ee557,58
019bc623-e4a5-735d-9dc7-a9a6b28ee557,59
019bc623-e4a5-735d-9dc7-a9a6b28ee557,60
019bc623-e4a5-735d-9dc7-a9a6b28ee557,61
019bc623-e4a5-735d-9dc7-a9a6b28ee557,62
019bc623-e4a5-735d-9dc7-a9a6b28ee557,63
019bc623-e4a5-735d-9dc7-a9a6b28ee557,64
019bc623-e4a5-735d-9dc7-a9a6b28ee557,65
019bc623-e4a5-735d-9dc7-a9a6b28ee557,66
019bc623-e4a5-735d-9dc7-a9a6b28ee557,67
019bc623-e4a5-735d-9dc7-a9a6b28ee557,68
019bc623-e4a5-735d-9dc7-a9a6b28ee557,69
019bc623-e4a5-735d-9dc7-a9a6b28ee557,70
019bc623-e4a5-735d-9dc7-a9a6b28ee557,71
019bc623-e4a5-735d-9dc7-a9a6b28ee557,72
019bc623-e4a5-735d-9dc7-a9a6b28ee557,73
019bc623-e4a5-735d-9dc7-a9a6b28ee557,74
019bc623-e4a5-735d-9dc7-a9a6b28ee557,75
019bc623-e4a5-735d-9dc7-a9a6b28ee557,76
019bc623-e4a5-735d-9dc7-a9a6b28ee557,77
019bc623-e4a5-735d-9dc7-a9a6b28ee557,78
019bc623-e4a5-735d-9dc7-a9a6b28ee557,79
019bc623-e4a5-735d-9dc7-a9a6b28ee557,80
019bc623-e4a5-735d-9dc7-a9a6b28ee557,81
019bc623-e4a5-735d-9dc7-a9a6b28ee557,82
019bc623-e4a5-735d-9dc7-a9a6b28ee557,83
019bc623-e4a5-735d-9dc7-a9a6b28ee557,84
019bc623-e4a5-735d-9dc7-a9a6b28ee557,85
019bc623-e4a5-735d-9dc7-a9a6b28ee557,86
019bc623-e4a5-735d-9dc7-a9a6b28ee557,87
019bc623-e4a5-735d-9dc7-a9a6b28ee557,88
019bc623-e4a5-735d-9dc7-a9a6b28ee557,89
019bc623-e4a5-735d-9dc7-a9a6b28ee557,90
019bc623-e4a5-735d-9dc7-a9a6b28ee557,53
019bc623-e4a5-735d-9dc7-a9a6b28ee557,91
019bc623-e4a5-735d-9dc7-a9a6b28ee557,92
019bc623-e4a5-735d-9dc7-a9a6b28ee557,93
019bc623-e4a5-735d-9dc7-a9a6b28ee557,94
019bc623-e4a5-735d-9dc7-a9a6b28ee557,95
019bc623-e4a5-735d-9dc7-a9a6b28ee557,96
019bc623-e4a5-735d-9dc7-a9a6b28ee557,97
019bc623-e4a5-735d-9dc7-a9a6b28ee557,98
019bc623-e4a5-735d-9dc7-a9a6b28ee557,99
019bc623-e4a5-735d-9dc7-a9a6b28ee557,100
019abac9-846f-75d0-8dfd-bcf9c9457866,1
019abac9-846f-75d0-8dfd-bcf9c9457866,2
019bc623-e4a5-735d-9dc7-a9a6b28ee557,51
019bc623-e4a5-735d-9dc7-a9a6b28ee557,52